Date,HomeTeam,AwayTeam,FTHG,FTAG,FTR,goalHome,goalAway,hwinvalue,awinvalue,count
20230515,Лестер,Ливерпуль,0,2,A,0.0,1.0,0.0,1.0,1
20230514,Арсенал,Брайтон,0,0,D,0.0,0.0,0.5,0.5,1
20230514,Брентфорд,Вест Хэм,2,0,H,1.0,0.0,1.0,0.0,1
20230514,Эвертон,Манчестер Сити,0,2,A,0.0,1.0,0.0,1.0,1
20230513,Астон Вилла,Тоттенхэм,1,0,H,1.0,0.0,1.0,0.0,1
20230513,Кристал Пэлас,Борнмут,1,0,H,1.0,0.0,1.0,0.0,1
20230513,Манчестер Юнайтед,Вулверхэмптон,1,0,H,1.0,0.0,1.0,0.0,1
20230513,Саутгемптон,Фулхэм,0,0,D,0.0,0.0,0.5,0.5,1
20230513,Челси,Ноттингем Форест,0,1,A,0.0,1.0,0.0,1.0,1
20230513,Лидс,Ньюкасл Юнайтед,1,1,D,1.0,1.0,0.5,0.5,1
20230508,Ноттингем Форест,Саутгемптон,3,1,H,1.0,1.0,1.0,0.0,1
20230508,Брайтон,Эвертон,0,3,A,0.0,1.0,0.0,1.0,1
20230508,Фулхэм,Лестер,3,0,H,1.0,0.0,1.0,0.0,1
20230507,Вест Хэм,Манчестер Юнайтед,1,0,H,1.0,0.0,1.0,0.0,1
20230507,Ньюкасл Юнайтед,Арсенал,0,1,A,0.0,1.0,0.0,1.0,1
20230506,Ливерпуль,Брентфорд,1,0,H,1.0,0.0,1.0,0.0,1
20230506,Борнмут,Челси,1,1,D,1.0,1.0,0.5,0.5,1
20230506,Вулверхэмптон,Астон Вилла,1,0,H,1.0,0.0,1.0,0.0,1
20230506,Манчестер Сити,Лидс,2,0,H,1.0,0.0,1.0,0.0,1
20230506,Тоттенхэм,Кристал Пэлас,1,0,H,1.0,0.0,1.0,0.0,1
20230504,Брайтон,Манчестер Юнайтед,0,0,D,0.0,0.0,0.5,0.5,1
20230503,Ливерпуль,Фулхэм,1,0,H,1.0,0.0,1.0,0.0,1
20230503,Манчестер Сити,Вест Хэм,0,0,D,0.0,0.0,0.5,0.5,1
20230502,Арсенал,Челси,3,0,H,1.0,0.0,1.0,0.0,1
20230501,Лестер,Эвертон,2,1,H,1.0,1.0,1.0,0.0,1
20230430,Ливерпуль,Тоттенхэм,3,1,H,1.0,1.0,1.0,0.0,1
20230430,Борнмут,Лидс,2,1,H,1.0,1.0,1.0,0.0,1
20230430,Манчестер Юнайтед,Астон Вилла,1,0,H,1.0,0.0,1.0,0.0,1
20230430,Ньюкасл Юнайтед,Саутгемптон,0,1,A,0.0,1.0,0.0,1.0,1
20230430,Фулхэм,Манчестер Сити,1,2,A,1.0,1.0,0.0,1.0,1
20230429,Брайтон,Вулверхэмптон,4,0,H,1.0,0.0,1.0,0.0,1
20230429,Брентфорд,Ноттингем Форест,0,1,A,0.0,1.0,0.0,1.0,1
20230429,Кристал Пэлас,Вест Хэм,3,2,H,1.0,1.0,1.0,0.0,1
20230427,Тоттенхэм,Манчестер Юнайтед,0,2,A,0.0,1.0,0.0,1.0,1
20230427,Саутгемптон,Борнмут,0,0,D,0.0,0.0,0.5,0.5,1
20230427,Эвертон,Ньюкасл Юнайтед,0,1,A,0.0,1.0,0.0,1.0,1
20230426,Манчестер Сити,Арсенал,2,0,H,1.0,0.0,1.0,0.0,1
20230426,Вест Хэм,Ливерпуль,1,1,D,1.0,1.0,0.5,0.5,1
20230426,Челси,Брентфорд,0,1,A,0.0,1.0,0.0,1.0,1
20230426,Ноттингем Форест,Брайтон,1,1,D,1.0,1.0,0.5,0.5,1
20230425,Лидс,Лестер,1,0,H,1.0,0.0,1.0,0.0,1
20230425,Астон Вилла,Фулхэм,1,0,H,1.0,0.0,1.0,0.0,1
20230425,Вулверхэмптон,Кристал Пэлас,1,0,H,1.0,0.0,1.0,0.0,1
20230423,Борнмут,Вест Хэм,0,3,A,0.0,1.0,0.0,1.0,1
20230423,Ньюкасл Юнайтед,Тоттенхэм,5,0,H,1.0,0.0,1.0,0.0,1
20230422,Брентфорд,Астон Вилла,0,0,D,0.0,0.0,0.5,0.5,1
20230422,Кристал Пэлас,Эвертон,0,0,D,0.0,0.0,0.5,0.5,1
20230422,Лестер,Вулверхэмптон,1,1,D,1.0,1.0,0.5,0.5,1
20230422,Ливерпуль,Ноттингем Форест,0,0,D,0.0,0.0,0.5,0.5,1
20230422,Фулхэм,Лидс,0,0,D,0.0,0.0,0.5,0.5,1
20230421,Арсенал,Саутгемптон,1,2,A,1.0,1.0,0.0,1.0,1
20230417,Лидс,Ливерпуль,0,2,A,0.0,1.0,0.0,1.0,1
20230416,Ноттингем Форест,Манчестер Юнайтед,0,1,A,0.0,1.0,0.0,1.0,1
20230416,Вест Хэм,Арсенал,1,2,A,1.0,1.0,0.0,1.0,1
20230415,Манчестер Сити,Лестер,3,0,H,1.0,0.0,1.0,0.0,1
20230415,Вулверхэмптон,Брентфорд,1,0,H,1.0,0.0,1.0,0.0,1
20230415,Саутгемптон,Кристал Пэлас,0,0,D,0.0,0.0,0.5,0.5,1
20230415,Тоттенхэм,Борнмут,1,1,D,1.0,1.0,0.5,0.5,1
20230415,Челси,Брайтон,1,1,D,1.0,1.0,0.5,0.5,1
20230415,Эвертон,Фулхэм,1,1,D,1.0,1.0,0.5,0.5,1
20230415,Астон Вилла,Ньюкасл Юнайтед,1,0,H,1.0,0.0,1.0,0.0,1
20230409,Ливерпуль,Арсенал,1,2,A,1.0,1.0,0.0,1.0,1
20230409,Лидс,Кристал Пэлас,1,1,D,1.0,1.0,0.5,0.5,1
20230408,Саутгемптон,Манчестер Сити,0,1,A,0.0,1.0,0.0,1.0,1
20230408,Астон Вилла,Ноттингем Форест,0,0,D,0.0,0.0,0.5,0.5,1
20230408,Брентфорд,Ньюкасл Юнайтед,1,0,H,1.0,0.0,1.0,0.0,1
20230408,Вулверхэмптон,Челси,1,0,H,1.0,0.0,1.0,0.0,1
20230408,Лестер,Борнмут,0,1,A,0.0,1.0,0.0,1.0,1
20230408,Тоттенхэм,Брайтон,1,1,D,1.0,1.0,0.5,0.5,1
20230408,Фулхэм,Вест Хэм,0,1,A,0.0,1.0,0.0,1.0,1
20230408,Манчестер Юнайтед,Эвертон,1,0,H,1.0,0.0,1.0,0.0,1
20230405,Вест Хэм,Ньюкасл Юнайтед,1,2,A,1.0,1.0,0.0,1.0,1
20230405,Манчестер Юнайтед,Брентфорд,1,0,H,1.0,0.0,1.0,0.0,1
20230404,Челси,Ливерпуль,0,0,D,0.0,0.0,0.5,0.5,1
20230404,Борнмут,Брайтон,0,1,A,0.0,1.0,0.0,1.0,1
20230404,Лестер,Астон Вилла,1,1,D,1.0,1.0,0.5,0.5,1
20230404,Лидс,Ноттингем Форест,2,1,H,1.0,1.0,1.0,0.0,1
20230403,Эвертон,Тоттенхэм,0,0,D,0.0,0.0,0.5,0.5,1
20230402,Ньюкасл Юнайтед,Манчестер Юнайтед,0,0,D,0.0,0.0,0.5,0.5,1
20230402,Вест Хэм,Саутгемптон,1,0,H,1.0,0.0,1.0,0.0,1
20230401,Челси,Астон Вилла,0,1,A,0.0,1.0,0.0,1.0,1
20230401,Арсенал,Лидс,1,0,H,1.0,0.0,1.0,0.0,1
20230401,Борнмут,Фулхэм,0,1,A,0.0,1.0,0.0,1.0,1
20230401,Брайтон,Брентфорд,2,2,D,1.0,1.0,0.5,0.5,1
20230401,Кристал Пэлас,Лестер,0,0,D,0.0,0.0,0.5,0.5,1
20230401,Ноттингем Форест,Вулверхэмптон,1,0,H,1.0,0.0,1.0,0.0,1
20230401,Манчестер Сити,Ливерпуль,1,1,D,1.0,1.0,0.5,0.5,1
20230319,Арсенал,Кристал Пэлас,2,0,H,1.0,0.0,1.0,0.0,1
20230318,Челси,Эвертон,0,0,D,0.0,0.0,0.5,0.5,1
20230318,Астон Вилла,Борнмут,1,0,H,1.0,0.0,1.0,0.0,1
20230318,Брентфорд,Лестер,1,0,H,1.0,0.0,1.0,0.0,1
20230318,Вулверхэмптон,Лидс,0,1,A,0.0,1.0,0.0,1.0,1
20230318,Саутгемптон,Тоттенхэм,0,1,A,0.0,1.0,0.0,1.0,1
20230317,Ноттингем Форест,Ньюкасл Юнайтед,1,1,D,1.0,1.0,0.5,0.5,1
20230315,Брайтон,Кристал Пэлас,1,0,H,1.0,0.0,1.0,0.0,1
20230315,Саутгемптон,Брентфорд,0,1,A,0.0,1.0,0.0,1.0,1
20230312,Ньюкасл Юнайтед,Вулверхэмптон,1,0,H,1.0,0.0,1.0,0.0,1
20230312,Вест Хэм,Астон Вилла,1,1,D,1.0,1.0,0.5,0.5,1
20230312,Манчестер Юнайтед,Саутгемптон,0,0,D,0.0,0.0,0.5,0.5,1
20230312,Фулхэм,Арсенал,0,3,A,0.0,1.0,0.0,1.0,1
20230311,Кристал Пэлас,Манчестер Сити,0,0,D,0.0,0.0,0.5,0.5,1
20230311,Лестер,Челси,1,2,A,1.0,1.0,0.0,1.0,1
20230311,Лидс,Брайтон,1,1,D,1.0,1.0,0.5,0.5,1
20230311,Тоттенхэм,Ноттингем Форест,2,0,H,1.0,0.0,1.0,0.0,1
20230311,Эвертон,Брентфорд,1,0,H,1.0,0.0,1.0,0.0,1
20230311,Борнмут,Ливерпуль,1,0,H,1.0,0.0,1.0,0.0,1
20230306,Брентфорд,Фулхэм,1,1,D,1.0,1.0,0.5,0.5,1
20230305,Ливерпуль,Манчестер Юнайтед,1,0,H,1.0,0.0,1.0,0.0,1
20230305,Ноттингем Форест,Эвертон,1,2,A,1.0,1.0,0.0,1.0,1
20230304,Саутгемптон,Лестер,1,0,H,1.0,0.0,1.0,0.0,1
20230304,Арсенал,Борнмут,0,1,A,0.0,1.0,0.0,1.0,1
20230304,Астон Вилла,Кристал Пэлас,1,0,H,1.0,0.0,1.0,0.0,1
20230304,Брайтон,Вест Хэм,1,0,H,1.0,0.0,1.0,0.0,1
20230304,Вулверхэмптон,Тоттенхэм,0,0,D,0.0,0.0,0.5,0.5,1
20230304,Челси,Лидс,0,0,D,0.0,0.0,0.5,0.5,1
20230304,Манчестер Сити,Ньюкасл Юнайтед,1,0,H,1.0,0.0,1.0,0.0,1
20230301,Ливерпуль,Вулверхэмптон,0,0,D,0.0,0.0,0.5,0.5,1
20230301,Арсенал,Эвертон,2,0,H,1.0,0.0,1.0,0.0,1
20230226,Тоттенхэм,Челси,0,0,D,0.0,0.0,0.5,0.5,1
20230225,Кристал Пэлас,Ливерпуль,0,0,D,0.0,0.0,0.5,0.5,1
20230225,Борнмут,Манчестер Сити,0,3,A,0.0,1.0,0.0,1.0,1
20230225,Вест Хэм,Ноттингем Форест,0,0,D,0.0,0.0,0.5,0.5,1
20230225,Лестер,Арсенал,0,0,D,0.0,0.0,0.5,0.5,1
20230225,Лидс,Саутгемптон,0,0,D,0.0,0.0,0.5,0.5,1
20230225,Эвертон,Астон Вилла,0,0,D,0.0,0.0,0.5,0.5,1
20230224,Фулхэм,Вулверхэмптон,0,1,A,0.0,1.0,0.0,1.0,1
20230219,Тоттенхэм,Вест Хэм,0,0,D,0.0,0.0,0.5,0.5,1
20230219,Манчестер Юнайтед,Лестер,1,0,H,1.0,0.0,1.0,0.0,1
20230218,Ньюкасл Юнайтед,Ливерпуль,0,2,A,0.0,1.0,0.0,1.0,1
20230218,Брайтон,Фулхэм,0,0,D,0.0,0.0,0.5,0.5,1
20230218,Брентфорд,Кристал Пэлас,0,0,D,0.0,0.0,0.5,0.5,1
20230218,Вулверхэмптон,Борнмут,0,0,D,0.0,0.0,0.5,0.5,1
20230218,Ноттингем Форест,Манчестер Сити,0,1,A,0.0,1.0,0.0,1.0,1
20230218,Челси,Саутгемптон,0,1,A,0.0,1.0,0.0,1.0,1
20230218,Эвертон,Лидс,0,0,D,0.0,0.0,0.5,0.5,1
20230218,Астон Вилла,Арсенал,2,1,H,1.0,1.0,1.0,0.0,1
20230215,Арсенал,Манчестер Сити,1,1,D,1.0,1.0,0.5,0.5,1
20230213,Ливерпуль,Эвертон,1,0,H,1.0,0.0,1.0,0.0,1
20230212,Манчестер Сити,Астон Вилла,3,0,H,1.0,0.0,1.0,0.0,1
20230212,Лидс,Манчестер Юнайтед,0,0,D,0.0,0.0,0.5,0.5,1
20230211,Борнмут,Ньюкасл Юнайтед,1,1,D,1.0,1.0,0.5,0.5,1
20230211,Арсенал,Брентфорд,0,0,D,0.0,0.0,0.5,0.5,1
20230211,Кристал Пэлас,Брайтон,0,0,D,0.0,0.0,0.5,0.5,1
20230211,Лестер,Тоттенхэм,3,1,H,1.0,1.0,1.0,0.0,1
20230211,Саутгемптон,Вулверхэмптон,1,0,H,1.0,0.0,1.0,0.0,1
20230211,Фулхэм,Ноттингем Форест,1,0,H,1.0,0.0,1.0,0.0,1
20230211,Вест Хэм,Челси,1,1,D,1.0,1.0,0.5,0.5,1
20230208,Манчестер Юнайтед,Лидс,0,1,A,0.0,1.0,0.0,1.0,1
20230205,Тоттенхэм,Манчестер Сити,1,0,H,1.0,0.0,1.0,0.0,1
20230205,Ноттингем Форест,Лидс,1,0,H,1.0,0.0,1.0,0.0,1
20230204,Ньюкасл Юнайтед,Вест Хэм,1,1,D,1.0,1.0,0.5,0.5,1
20230204,Астон Вилла,Лестер,2,3,A,1.0,1.0,0.0,1.0,1
20230204,Брайтон,Борнмут,0,0,D,0.0,0.0,0.5,0.5,1
20230204,Брентфорд,Саутгемптон,2,0,H,1.0,0.0,1.0,0.0,1
20230204,Вулверхэмптон,Ливерпуль,2,0,H,1.0,0.0,1.0,0.0,1
20230204,Манчестер Юнайтед,Кристал Пэлас,1,0,H,1.0,0.0,1.0,0.0,1
20230204,Эвертон,Арсенал,0,0,D,0.0,0.0,0.5,0.5,1
20230203,Челси,Фулхэм,0,0,D,0.0,0.0,0.5,0.5,1
20230123,Фулхэм,Тоттенхэм,0,1,A,0.0,1.0,0.0,1.0,1
20230122,Арсенал,Манчестер Юнайтед,1,1,D,1.0,1.0,0.5,0.5,1
20230122,Лидс,Брентфорд,0,0,D,0.0,0.0,0.5,0.5,1
20230122,Манчестер Сити,Вулверхэмптон,1,0,H,1.0,0.0,1.0,0.0,1
20230121,Кристал Пэлас,Ньюкасл Юнайтед,0,0,D,0.0,0.0,0.5,0.5,1
20230121,Борнмут,Ноттингем Форест,1,0,H,1.0,0.0,1.0,0.0,1
20230121,Вест Хэм,Эвертон,2,0,H,1.0,0.0,1.0,0.0,1
20230121,Лестер,Брайтон,1,1,D,1.0,1.0,0.5,0.5,1
20230121,Саутгемптон,Астон Вилла,0,0,D,0.0,0.0,0.5,0.5,1
20230121,Ливерпуль,Челси,0,0,D,0.0,0.0,0.5,0.5,1
20230119,Манчестер Сити,Тоттенхэм,0,2,A,0.0,1.0,0.0,1.0,1
20230118,Кристал Пэлас,Манчестер Юнайтед,0,1,A,0.0,1.0,0.0,1.0,1
20230115,Тоттенхэм,Арсенал,0,2,A,0.0,1.0,0.0,1.0,1
20230115,Ньюкасл Юнайтед,Фулхэм,0,0,D,0.0,0.0,0.5,0.5,1
20230115,Челси,Кристал Пэлас,0,0,D,0.0,0.0,0.5,0.5,1
20230114,Брентфорд,Борнмут,1,0,H,1.0,0.0,1.0,0.0,1
20230114,Брайтон,Ливерпуль,0,0,D,0.0,0.0,0.5,0.5,1
20230114,Вулверхэмптон,Вест Хэм,0,0,D,0.0,0.0,0.5,0.5,1
20230114,Ноттингем Форест,Лестер,0,0,D,0.0,0.0,0.5,0.5,1
20230114,Эвертон,Саутгемптон,1,0,H,1.0,0.0,1.0,0.0,1
20230114,Манчестер Юнайтед,Манчестер Сити,0,0,D,0.0,0.0,0.5,0.5,1
20230113,Астон Вилла,Лидс,1,0,H,1.0,0.0,1.0,0.0,1
20230112,Фулхэм,Челси,1,0,H,1.0,0.0,1.0,0.0,1
20230105,Челси,Манчестер Сити,0,0,D,0.0,0.0,0.5,0.5,1
20230104,Астон Вилла,Вулверхэмптон,0,1,A,0.0,1.0,0.0,1.0,1
20230104,Кристал Пэлас,Тоттенхэм,0,0,D,0.0,0.0,0.5,0.5,1
20230104,Лидс,Вест Хэм,1,1,D,1.0,1.0,0.5,0.5,1
20230104,Саутгемптон,Ноттингем Форест,0,1,A,0.0,1.0,0.0,1.0,1
20230103,Манчестер Юнайтед,Борнмут,1,0,H,1.0,0.0,1.0,0.0,1
20230103,Арсенал,Ньюкасл Юнайтед,0,0,D,0.0,0.0,0.5,0.5,1
20230103,Лестер,Фулхэм,0,1,A,0.0,1.0,0.0,1.0,1
20230103,Эвертон,Брайтон,0,1,A,0.0,1.0,0.0,1.0,1
20230102,Брентфорд,Ливерпуль,2,0,H,1.0,0.0,1.0,0.0,1
20230101,Ноттингем Форест,Челси,0,1,A,0.0,1.0,0.0,1.0,1
20230101,Тоттенхэм,Астон Вилла,0,0,D,0.0,0.0,0.5,0.5,1
20221231,Брайтон,Арсенал,0,2,A,0.0,1.0,0.0,1.0,1
20221231,Борнмут,Кристал Пэлас,0,2,A,0.0,1.0,0.0,1.0,1
20221231,Манчестер Сити,Эвертон,1,0,H,1.0,0.0,1.0,0.0,1
20221231,Ньюкасл Юнайтед,Лидс,0,0,D,0.0,0.0,0.5,0.5,1
20221231,Фулхэм,Саутгемптон,1,0,H,1.0,0.0,1.0,0.0,1
20221231,Вулверхэмптон,Манчестер Юнайтед,0,0,D,0.0,0.0,0.5,0.5,1
20221230,Ливерпуль,Лестер,2,1,H,1.0,1.0,1.0,0.0,1
20221230,Вест Хэм,Брентфорд,0,2,A,0.0,1.0,0.0,1.0,1
20221228,Лидс,Манчестер Сити,0,1,A,0.0,1.0,0.0,1.0,1
20221227,Манчестер Юнайтед,Ноттингем Форест,2,0,H,1.0,0.0,1.0,0.0,1
20221227,Челси,Борнмут,2,0,H,1.0,0.0,1.0,0.0,1
20221226,Арсенал,Вест Хэм,0,1,A,0.0,1.0,0.0,1.0,1
20221226,Астон Вилла,Ливерпуль,0,2,A,0.0,1.0,0.0,1.0,1
20221226,Кристал Пэлас,Фулхэм,0,1,A,0.0,1.0,0.0,1.0,1
20221226,Лестер,Ньюкасл Юнайтед,0,3,A,0.0,1.0,0.0,1.0,1
20221226,Саутгемптон,Брайтон,0,2,A,0.0,1.0,0.0,1.0,1
20221226,Эвертон,Вулверхэмптон,1,1,D,1.0,1.0,0.5,0.5,1
20221226,Брентфорд,Тоттенхэм,1,0,H,1.0,0.0,1.0,0.0,1
20221113,Фулхэм,Манчестер Юнайтед,0,1,A,0.0,1.0,0.0,1.0,1
20221113,Брайтон,Астон Вилла,1,1,D,1.0,1.0,0.5,0.5,1
20221112,Вулверхэмптон,Арсенал,0,0,D,0.0,0.0,0.5,0.5,1
20221112,Ньюкасл Юнайтед,Челси,0,0,D,0.0,0.0,0.5,0.5,1
20221112,Борнмут,Эвертон,2,0,H,1.0,0.0,1.0,0.0,1
20221112,Вест Хэм,Лестер,0,1,A,0.0,1.0,0.0,1.0,1
20221112,Ливерпуль,Саутгемптон,3,1,H,1.0,1.0,1.0,0.0,1
20221112,Ноттингем Форест,Кристал Пэлас,0,0,D,0.0,0.0,0.5,0.5,1
20221112,Тоттенхэм,Лидс,1,2,A,1.0,1.0,0.0,1.0,1
20221112,Манчестер Сити,Брентфорд,1,1,D,1.0,1.0,0.5,0.5,1
20221106,Тоттенхэм,Ливерпуль,0,2,A,0.0,1.0,0.0,1.0,1
20221106,Астон Вилла,Манчестер Юнайтед,2,1,H,1.0,1.0,1.0,0.0,1
20221106,Вест Хэм,Кристал Пэлас,1,1,D,1.0,1.0,0.5,0.5,1
20221106,Саутгемптон,Ньюкасл Юнайтед,0,1,A,0.0,1.0,0.0,1.0,1
20221106,Челси,Арсенал,0,0,D,0.0,0.0,0.5,0.5,1
20221105,Эвертон,Лестер,0,1,A,0.0,1.0,0.0,1.0,1
20221105,Вулверхэмптон,Брайтон,2,2,D,1.0,1.0,0.5,0.5,1
20221105,Лидс,Борнмут,1,2,A,1.0,1.0,0.0,1.0,1
20221105,Манчестер Сити,Фулхэм,1,1,D,1.0,1.0,0.5,0.5,1
20221105,Ноттингем Форест,Брентфорд,1,1,D,1.0,1.0,0.5,0.5,1
20221030,Манчестер Юнайтед,Вест Хэм,1,0,H,1.0,0.0,1.0,0.0,1
20221030,Арсенал,Ноттингем Форест,1,0,H,1.0,0.0,1.0,0.0,1
20221029,Ливерпуль,Лидс,1,1,D,1.0,1.0,0.5,0.5,1
20221029,Фулхэм,Эвертон,0,0,D,0.0,0.0,0.5,0.5,1
20221029,Борнмут,Тоттенхэм,1,0,H,1.0,0.0,1.0,0.0,1
20221029,Брайтон,Челси,3,0,H,1.0,0.0,1.0,0.0,1
20221029,Брентфорд,Вулверхэмптон,0,0,D,0.0,0.0,0.5,0.5,1
20221029,Кристал Пэлас,Саутгемптон,1,0,H,1.0,0.0,1.0,0.0,1
20221029,Ньюкасл Юнайтед,Астон Вилла,1,0,H,1.0,0.0,1.0,0.0,1
20221029,Лестер,Манчестер Сити,0,0,D,0.0,0.0,0.5,0.5,1
20221024,Вест Хэм,Борнмут,1,0,H,1.0,0.0,1.0,0.0,1
20221023,Тоттенхэм,Ньюкасл Юнайтед,0,2,A,0.0,1.0,0.0,1.0,1
20221023,Астон Вилла,Брентфорд,3,0,H,1.0,0.0,1.0,0.0,1
20221023,Вулверхэмптон,Лестер,0,2,A,0.0,1.0,0.0,1.0,1
20221023,Лидс,Фулхэм,1,1,D,1.0,1.0,0.5,0.5,1
20221023,Саутгемптон,Арсенал,0,1,A,0.0,1.0,0.0,1.0,1
20221022,Челси,Манчестер Юнайтед,0,0,D,0.0,0.0,0.5,0.5,1
20221022,Манчестер Сити,Брайтон,2,0,H,1.0,0.0,1.0,0.0,1
20221022,Эвертон,Кристал Пэлас,1,0,H,1.0,0.0,1.0,0.0,1
20221022,Ноттингем Форест,Ливерпуль,0,0,D,0.0,0.0,0.5,0.5,1
20221020,Лестер,Лидс,2,0,H,1.0,0.0,1.0,0.0,1
20221020,Фулхэм,Астон Вилла,1,0,H,1.0,0.0,1.0,0.0,1
20221019,Манчестер Юнайтед,Тоттенхэм,0,0,D,0.0,0.0,0.5,0.5,1
20221019,Борнмут,Саутгемптон,0,1,A,0.0,1.0,0.0,1.0,1
20221019,Брентфорд,Челси,0,0,D,0.0,0.0,0.5,0.5,1
20221019,Ливерпуль,Вест Хэм,1,0,H,1.0,0.0,1.0,0.0,1
20221019,Ньюкасл Юнайтед,Эвертон,1,0,H,1.0,0.0,1.0,0.0,1
20221018,Кристал Пэлас,Вулверхэмптон,0,1,A,0.0,1.0,0.0,1.0,1
20221018,Брайтон,Ноттингем Форест,0,0,D,0.0,0.0,0.5,0.5,1
20221016,Ливерпуль,Манчестер Сити,0,0,D,0.0,0.0,0.5,0.5,1
20221016,Астон Вилла,Челси,0,1,A,0.0,1.0,0.0,1.0,1
20221016,Лидс,Арсенал,0,1,A,0.0,1.0,0.0,1.0,1
20221016,Манчестер Юнайтед,Ньюкасл Юнайтед,0,0,D,0.0,0.0,0.5,0.5,1
20221016,Саутгемптон,Вест Хэм,1,0,H,1.0,0.0,1.0,0.0,1
20221015,Тоттенхэм,Эвертон,0,0,D,0.0,0.0,0.5,0.5,1
20221015,Вулверхэмптон,Ноттингем Форест,0,0,D,0.0,0.0,0.5,0.5,1
20221015,Фулхэм,Борнмут,1,2,A,1.0,1.0,0.0,1.0,1
20221015,Лестер,Кристал Пэлас,0,0,D,0.0,0.0,0.5,0.5,1
20221014,Брентфорд,Брайтон,1,0,H,1.0,0.0,1.0,0.0,1
20221010,Ноттингем Форест,Астон Вилла,1,1,D,1.0,1.0,0.5,0.5,1
20221009,Эвертон,Манчестер Юнайтед,1,2,A,1.0,1.0,0.0,1.0,1
20221009,Арсенал,Ливерпуль,2,1,H,1.0,1.0,1.0,0.0,1
20221009,Вест Хэм,Фулхэм,1,1,D,1.0,1.0,0.5,0.5,1
20221009,Кристал Пэлас,Лидс,1,1,D,1.0,1.0,0.5,0.5,1
20221008,Брайтон,Тоттенхэм,0,1,A,0.0,1.0,0.0,1.0,1
20221008,Борнмут,Лестер,0,1,A,0.0,1.0,0.0,1.0,1
20221008,Манчестер Сити,Саутгемптон,2,0,H,1.0,0.0,1.0,0.0,1
20221008,Ньюкасл Юнайтед,Брентфорд,2,0,H,1.0,0.0,1.0,0.0,1
20221008,Челси,Вулверхэмптон,1,0,H,1.0,0.0,1.0,0.0,1
20221003,Лестер,Ноттингем Форест,3,0,H,1.0,0.0,1.0,0.0,1
20221002,Лидс,Астон Вилла,0,0,D,0.0,0.0,0.5,0.5,1
20221002,Манчестер Сити,Манчестер Юнайтед,4,0,H,1.0,0.0,1.0,0.0,1
20221001,Вест Хэм,Вулверхэмптон,1,0,H,1.0,0.0,1.0,0.0,1
20221001,Борнмут,Брентфорд,0,0,D,0.0,0.0,0.5,0.5,1
20221001,Кристал Пэлас,Челси,1,1,D,1.0,1.0,0.5,0.5,1
20221001,Ливерпуль,Брайтон,1,2,A,1.0,1.0,0.0,1.0,1
20221001,Саутгемптон,Эвертон,0,0,D,0.0,0.0,0.5,0.5,1
20221001,Фулхэм,Ньюкасл Юнайтед,0,3,A,0.0,1.0,0.0,1.0,1
20221001,Арсенал,Тоттенхэм,1,1,D,1.0,1.0,0.5,0.5,1
20220918,Эвертон,Вест Хэм,0,0,D,0.0,0.0,0.5,0.5,1
20220918,Брентфорд,Арсенал,0,2,A,0.0,1.0,0.0,1.0,1
20220917,Тоттенхэм,Лестер,2,2,D,1.0,1.0,0.5,0.5,1
20220917,Ньюкасл Юнайтед,Борнмут,0,0,D,0.0,0.0,0.5,0.5,1
20220917,Вулверхэмптон,Манчестер Сити,0,2,A,0.0,1.0,0.0,1.0,1
20220916,Астон Вилла,Саутгемптон,1,0,H,1.0,0.0,1.0,0.0,1
20220916,Ноттингем Форест,Фулхэм,1,0,H,1.0,0.0,1.0,0.0,1
20220904,Манчестер Юнайтед,Арсенал,1,0,H,1.0,0.0,1.0,0.0,1
20220904,Брайтон,Лестер,2,2,D,1.0,1.0,0.5,0.5,1
20220903,Астон Вилла,Манчестер Сити,0,0,D,0.0,0.0,0.5,0.5,1
20220903,Брентфорд,Лидс,2,1,H,1.0,1.0,1.0,0.0,1
20220903,Вулверхэмптон,Саутгемптон,1,0,H,1.0,0.0,1.0,0.0,1
20220903,Ноттингем Форест,Борнмут,2,0,H,1.0,0.0,1.0,0.0,1
20220903,Ньюкасл Юнайтед,Кристал Пэлас,0,0,D,0.0,0.0,0.5,0.5,1
20220903,Тоттенхэм,Фулхэм,1,0,H,1.0,0.0,1.0,0.0,1
20220903,Челси,Вест Хэм,0,0,D,0.0,0.0,0.5,0.5,1
20220903,Эвертон,Ливерпуль,0,0,D,0.0,0.0,0.5,0.5,1
20220901,Лестер,Манчестер Юнайтед,0,1,A,0.0,1.0,0.0,1.0,1
20220831,Ливерпуль,Ньюкасл Юнайтед,0,1,A,0.0,1.0,0.0,1.0,1
20220831,Вест Хэм,Тоттенхэм,0,1,A,0.0,1.0,0.0,1.0,1
20220831,Арсенал,Астон Вилла,1,0,H,1.0,0.0,1.0,0.0,1
20220831,Борнмут,Вулверхэмптон,0,0,D,0.0,0.0,0.5,0.5,1
20220831,Манчестер Сити,Ноттингем Форест,3,0,H,1.0,0.0,1.0,0.0,1
20220830,Лидс,Эвертон,0,1,A,0.0,1.0,0.0,1.0,1
20220830,Саутгемптон,Челси,2,1,H,1.0,1.0,1.0,0.0,1
20220830,Кристал Пэлас,Брентфорд,0,0,D,0.0,0.0,0.5,0.5,1
20220830,Фулхэм,Брайтон,0,0,D,0.0,0.0,0.5,0.5,1
20220828,Ноттингем Форест,Тоттенхэм,0,1,A,0.0,1.0,0.0,1.0,1
20220828,Астон Вилла,Вест Хэм,0,0,D,0.0,0.0,0.5,0.5,1
20220828,Вулверхэмптон,Ньюкасл Юнайтед,1,0,H,1.0,0.0,1.0,0.0,1
20220827,Арсенал,Фулхэм,0,0,D,0.0,0.0,0.5,0.5,1
20220827,Брайтон,Лидс,0,0,D,0.0,0.0,0.5,0.5,1
20220827,Брентфорд,Эвертон,0,1,A,0.0,1.0,0.0,1.0,1
20220827,Ливерпуль,Борнмут,5,0,H,1.0,0.0,1.0,0.0,1
20220827,Манчестер Сити,Кристал Пэлас,0,2,A,0.0,1.0,0.0,1.0,1
20220827,Челси,Лестер,0,0,D,0.0,0.0,0.5,0.5,1
20220827,Саутгемптон,Манчестер Юнайтед,0,0,D,0.0,0.0,0.5,0.5,1
20220822,Манчестер Юнайтед,Ливерпуль,1,0,H,1.0,0.0,1.0,0.0,1
20220821,Ньюкасл Юнайтед,Манчестер Сити,2,1,H,1.0,1.0,1.0,0.0,1
20220821,Вест Хэм,Брайтон,0,1,A,0.0,1.0,0.0,1.0,1
20220821,Лидс,Челси,2,0,H,1.0,0.0,1.0,0.0,1
20220820,Борнмут,Арсенал,0,2,A,0.0,1.0,0.0,1.0,1
20220820,Кристал Пэлас,Астон Вилла,1,1,D,1.0,1.0,0.5,0.5,1
20220820,Лестер,Саутгемптон,0,0,D,0.0,0.0,0.5,0.5,1
20220820,Фулхэм,Брентфорд,2,1,H,1.0,1.0,1.0,0.0,1
20220820,Эвертон,Ноттингем Форест,0,0,D,0.0,0.0,0.5,0.5,1
20220820,Тоттенхэм,Вулверхэмптон,0,0,D,0.0,0.0,0.5,0.5,1
20220815,Ливерпуль,Кристал Пэлас,0,1,A,0.0,1.0,0.0,1.0,1
20220814,Челси,Тоттенхэм,1,0,H,1.0,0.0,1.0,0.0,1
20220814,Ноттингем Форест,Вест Хэм,1,0,H,1.0,0.0,1.0,0.0,1
20220813,Брентфорд,Манчестер Юнайтед,4,0,H,1.0,0.0,1.0,0.0,1
20220813,Арсенал,Лестер,2,0,H,1.0,0.0,1.0,0.0,1
20220813,Брайтон,Ньюкасл Юнайтед,0,0,D,0.0,0.0,0.5,0.5,1
20220813,Вулверхэмптон,Фулхэм,0,0,D,0.0,0.0,0.5,0.5,1
20220813,Манчестер Сити,Борнмут,3,0,H,1.0,0.0,1.0,0.0,1
20220813,Саутгемптон,Лидс,0,0,D,0.0,0.0,0.5,0.5,1
20220813,Астон Вилла,Эвертон,1,0,H,1.0,0.0,1.0,0.0,1
20220807,Вест Хэм,Манчестер Сити,0,1,A,0.0,1.0,0.0,1.0,1
20220807,Лестер,Брентфорд,1,0,H,1.0,0.0,1.0,0.0,1
20220807,Манчестер Юнайтед,Брайтон,0,2,A,0.0,1.0,0.0,1.0,1
20220806,Эвертон,Челси,0,1,A,0.0,1.0,0.0,1.0,1
20220806,Борнмут,Астон Вилла,1,0,H,1.0,0.0,1.0,0.0,1
20220806,Лидс,Вулверхэмптон,1,1,D,1.0,1.0,0.5,0.5,1
20220806,Ньюкасл Юнайтед,Ноттингем Форест,0,0,D,0.0,0.0,0.5,0.5,1
20220806,Тоттенхэм,Саутгемптон,2,1,H,1.0,1.0,1.0,0.0,1
20220806,Фулхэм,Ливерпуль,1,0,H,1.0,0.0,1.0,0.0,1
20220805,Кристал Пэлас,Арсенал,0,1,A,0.0,1.0,0.0,1.0,1
